id,address,latitude,longitude
85,25 EVERGREEN CR SW,50.9215815275547,-114.100897916366
776,8608 METIS TR NE,51.1298266872992,-113.96923260807
916,121 SADDLEMEAD RD NE,51.1282839861152,-113.946243034372
1103,22 SADDLEBACK RD NE,51.1283490668448,-113.950394401587
1173,179 SADDLEMEAD RD NE,51.1288607473867,-113.944666215123
1666,16 TARARIDGE DR NE,51.1115297685988,-113.940245264505
1753,25 TARAGLEN RD NE,51.1126705671937,-113.939584265857
2208,6012 MARTINGROVE RD NE,51.112716740868,-113.952018692227
3100,77 MARTIN CROSSING WY NE,51.1195071146405,-113.958180731593
3504,230 MARTINVALLEY CR NE,51.1239097118877,-113.953032384546
4144,10 MARTINBROOK LI NE,51.1153129740529,-113.959745422875
4862,65 MARTINBROOK RD NE,51.1162085509866,-113.957734277632
5054,63 MARTIN CROSSING CL NE,51.1191742956556,-113.960735089069
5259,109 MARTHA'S HAVEN GR NE,51.1193517059779,-113.964146847342
5317,10 MARTHA'S HAVEN MR NE,51.1220884912743,-113.965748349183
6224,20 HUNTFORD RD NE,51.1141378202958,-114.064751100059
6615,7904 HUNTWICK HL NE,51.1222093023328,-114.063509722424
6679,8003 HUNTWICK CR NE,51.1232815189515,-114.062201297049
7124,404 72 AV NE,51.1180997002488,-114.059627649712
7656,40 HUNTSTROM RD NE,51.124072361814,-114.050392879386
7707,15 HUNTERHORN PL NE,51.1154878207697,-114.052816431516
9668,119 HUNTINGTON PARK GR NW,51.1199905013666,-114.082399063903
10497,56 EDELWEISS CR NW,51.1188992953287,-114.136459250762
11002,115 DALMENY BA NW,51.1147294100845,-114.157892252269
11387,803 EDGEMONT RD NW,51.1168445543154,-114.148577706749
12845,6536 SILVER SPRINGS CR NW,51.1119208283975,-114.18471893838
15547,112 SILVERCREEK DR NW,51.1138994030917,-114.208252910607
15851,7707 68 AV NW,51.1135182678981,-114.198008321148
16128,166 RANCH GLEN DR NW,51.1191557665698,-114.193518026028
18524,311 SILVER VALLEY RD NW,51.1048028268917,-114.205650566576
18692,235 SILVER HILL WY NW,51.106557592655,-114.203190223883
19154,5 8203 SILVER SPRINGS RD NW,51.1086598478532,-114.204749504275
20470,312 VARSITY ESTATES PL NW,51.1047943924619,-114.173427764378
20548,5508 BUCKBOARD RD NW,51.1090921970259,-114.166803856058
20979,4916 48 ST NW,51.0966216737366,-114.156874661354
21929,5008 DALHOUSIE DR NW,51.1070260352481,-114.158979444135
22416,71 4936 DALTON DR NW,51.1013684432897,-114.152848472489
22560,31 4740 DALTON DR NW,51.1037566002196,-114.154085421626
23760,284V 5201 DALHOUSIE DR NW,51.1065637113609,-114.159863842822
24076,5120 BRISEBOIS DR NW,51.0985963536378,-114.127324594069
24321,5043 BATCHELOR CR NW,51.0971707410515,-114.133045999851
24551,3616 BENTON DR NW,51.1032014778403,-114.139182654617
24938,504 TRAFFORD DR NW,51.0990756374962,-114.071921427931
26669,5519 TRAVIS CR NE,51.1003604902265,-114.058251549474
27264,319 TRAFFORD DR NW,51.0968111114201,-114.068799025912
30712,71 FALWOOD PL NE,51.0971041249724,-113.944693541559
30989,276 FALLSWATER RD NE,51.1003267685024,-113.939828124165
31811,107 CASTLEGLEN WY NE,51.1064733767207,-113.957653706348
31938,35 CASTLERIDGE RD NE,51.1086922995616,-113.951352226352
32128,120 FALTON DR NE,51.1042465623287,-113.939912480325
32697,56 CASTLERIDGE DR NE,51.108370290604,-113.953314350051
33402,28 1155 FALCONRIDGE DR NE,51.0978979973752,-113.953762686303
33622,404 FALCONRIDGE GD NE,51.1021487880779,-113.936628529394
33646,1528 FALCONRIDGE DR NE,51.1021487880779,-113.936628529394
34298,67 TEMPLETON PL NE,51.0823823144541,-113.93866198868
36613,20 TEMPLESON RD NE,51.0874992229718,-113.938054666563
37536,3303 48 ST NE,51.0817458062437,-113.964061813877
39297,131 WHITLOCK CL NE,51.0863342206945,-113.971850734106
40135,4520 40 ST NE,51.0926097994202,-113.976747522742
40148,3716 44 AV NE,51.0914530460266,-113.98087428857
40245,220 WHITWORTH WY NE,51.0948391036925,-113.98046981163
42833,403 38 AV NE,51.0865371829941,-114.053923599156
44580,94 HOLMWOOD AV NW,51.0937686463928,-114.080722744615
44683,4519 CHAPEL RD NW,51.0936991011521,-114.114787613215
45012,3480 CHIPPENDALE DR NW,51.0840709044331,-114.113000715442
45775,41 CAPRI AV NW,51.0887579513766,-114.103885209535
46379,4212 BLOW ST NW,51.089927236329,-114.128947901049
46427,3312 MORLEY CR NW,51.0825268467203,-114.121353046044
47490,12 BUTTE PL NW,51.0903292571267,-114.118919994662
48735,4915 VICEROY DR NW,51.0958455581304,-114.158935175707
49399,6 VARTOWN PL NW,51.0826333301041,-114.145810448384
50395,608 3607B 49 ST NW,51.0844305673809,-114.159644071054
51327,6019 BOWWATER CR NW,51.0829185627005,-114.171502711749
51486,344 VARSITY CL NW,51.0906136459248,-114.16755666093
51832,8347 BOWGLEN RD NW,51.0907960208025,-114.207142798474
52025,8327 48 AV NW,51.0956207330596,-114.206732285906
52188,8508 46 AV NW,51.0943437639434,-114.208540937595
53127,7407 35 AV NW,51.0844947505575,-114.194025054152
54210,229 PATTERSON BV SW,51.0662431996597,-114.183452569823
55584,3319 UPTON PL NW,51.0733471618477,-114.135107392032
55603,3204 UPLANDS PL NW,51.0725968294139,-114.133805607262
55634,2407 UDELL RD NW,51.0729209550464,-114.131540937453
55674,2343 UXBRIDGE DR NW,51.0712324907555,-114.138976801842
57705,23 ROSELAKE ST NW,51.075630277686,-114.092379787962
59644,2807 10 ST NW,51.0750373228196,-114.086564860757
60395,257 21 AV NW,51.0712640762154,-114.067242770344
60478,2209 1 ST NW,51.0719199028383,-114.064342978504
60524,110 21 AV NE,51.0717914868287,-114.061688065685
61901,139 17 AV NW,51.0676278552842,-114.064318737148
62000,103 140 26 AV NW,51.0763144952157,-114.064753589962
62696,2320 VISTA CR NE,51.0739912877496,-114.01990259959
64261,136 RUNDLERIDGE DR NE,51.0700417466518,-113.971142803162
64446,1819 38 ST NE,51.0690850412289,-113.979033091676
64598,4019 RUNDLEHORN DR NE,51.0711314487068,-113.975830606177
64776,4632 26 AV NE,51.0783302784457,-113.968228469618
64955,231 RUNDLECAIRN RD NE,51.0689120138892,-113.96002351773
65131,545 RUNDLEVILLE PL NE,51.0729739835976,-113.973224231561
66415,74 2727 RUNDLESON RD NE,51.0788204252211,-113.980314483557
66909,6339 RUNDLEHORN DR NE,51.0714943797849,-113.941091919803
67412,2020 PINEPOINT RD NE,51.0707426765024,-113.949646556268
68225,6404 24 AV NE,51.0745395278263,-113.942447623
69303,39 3200 60 ST NE,51.0808594524481,-113.945607610616
69610,5807 MADDOCK DR NE,51.0546730189138,-113.95112646957
69721,339 MADDOCK CR NE,51.0558029135278,-113.950307730271
70186,509 MADEIRA DR NE,51.0616032794816,-113.95391833911
70543,243 MANORA DR NE,51.0662194973016,-113.949964337055
70750,435 MALVERN CL NE,51.0532612859427,-113.938535426322
71817,27 195 MANORA PL NE,51.0639923688573,-113.954329647066
72597,93V 165 MANORA PL NE,51.0659016501037,-113.955635397073
72620,116V 165 MANORA PL NE,51.0659016501037,-113.955635397073
73013,5219 MARLBOROUGH DR NE,51.0592992207678,-113.961064237804
73900,4635 MARBANK DR NE,51.0632498952785,-113.966395094449
73931,1222 MARDALE DR NE,51.0645977834303,-113.968991951186
74372,1627 MARLYN WY NE,51.0655725586962,-113.970227669843
74547,1424 MARLYN WY NE,51.0651111893599,-113.976389822473
74814,1032 MARCOMBE DR NE,51.0612690155598,-113.963438148963
74900,30 MARBANK PL NE,51.0634572890988,-113.959200055161
75281,1602 919 38 ST NE,51.0611082275225,-113.980065827484
75385,2536 7 AV NE,51.0590257511411,-113.999148058934
76067,1718 10 AV NE,51.0627528584773,-114.020575045052
76403,920 MAYLAND DR NE,51.0612416509274,-114.007004136831
76825,160 MAUNSELL CL NE,51.0591871957837,-114.002692542078
76856,191 MAUNSELL CL NE,51.0601850972966,-114.00254708244
77871,1408 RUSSET RD NE,51.0645058027322,-114.04219113668
78048,1048 7 AV NE,51.0586567529087,-114.03780118983
78116,106 6A ST NE,51.0527624060726,-114.046630017191
79321,423 REGAL PA NE,51.0609184252983,-114.036781622483
79414,442 REGAL PA NE,51.0603162593818,-114.03647477418
79524,201 REGAL PA NE,51.0607272445133,-114.035836066428
79617,208 8 AV NE,51.0600114869407,-114.059445039242
79964,640 8 AV NE,51.0599580011965,-114.048570625004
80629,227 6 AV NE,51.0577132484259,-114.058476196495
80788,632 MARSH RD NE,51.0529483696563,-114.049869558033
80792,629 MARSH RD NE,51.0525366690212,-114.049951229526
80809,1520 4 ST NW,51.0657891927051,-114.071077597909
81402,234 CRESCENT RD NW,51.0591690860476,-114.066964879817
82012,407 320 MEREDITH RD NE,51.0528500000507,-114.055637740265
82186,2 635 MARSH RD NE,51.0525365619311,-114.049516469597
82592,48 BARCLAY WK SW,51.0537138194921,-114.068183516537
83776,1633 7A ST NW,51.0666733628903,-114.080332555163
84041,610 CRESCENT RD NW,51.0626632694376,-114.07501352563
84093,150 10 ST NW,51.0534802580186,-114.085489251276
85104,602A 500 EAU CLAIRE AV SW,51.0531308071949,-114.072533936323
85547,203 1027 1 AV NW,51.0533837130478,-114.083248265429
85693,306 727 1 AV NW,51.0566691809951,-114.077760051004
86040,222V 400 EAU CLAIRE AV SW,51.0533707683839,-114.070982866227
86182,304 1110 5 AV NW,51.0573711372022,-114.08654841811
86375,2336 3 AV NW,51.0556039297866,-114.114980390104
86896,1412 20A ST NW,51.0645648849808,-114.10885820869
88494,116 1616 8 AV NW,51.0604025623131,-114.098225986322
88549,318 1616 8 AV NW,51.0604025623131,-114.098225986322
90472,140 WEDGEWOOD DR SW,51.0533737163649,-114.149977409369
91167,317 POINT MCKAY GD NW,51.0593304230524,-114.145842526459
91345,70 POINT DR NW,51.0604702982126,-114.144495171872
91456,577 POINT MCKAY GV NW,51.0606188601374,-114.14739536944
91919,939 COACH SIDE CR SW,51.0571643979717,-114.182154580267
92044,336 COACH RIDGE RI SW,51.0551234959375,-114.185237185479
93099,511 6400 COACH HILL RD SW,51.0573721115943,-114.178904060417
93665,10 121 VILLAGE HT SW,51.0579432628899,-114.167109323693
93815,2 218 VILLAGE TC SW,51.0579432628899,-114.167109323693
94035,51 5810 PATINA DR SW,51.0618881032172,-114.167410381688
94111,117 PATINA PA SW,51.0564306078558,-114.170646939323
94457,2001 PATTERSON VW SW,51.064072226692,-114.184502752542
94610,89 PROMINENCE VW SW,51.0596491702898,-114.173373047698
94625,21 PROMINENCE VW SW,51.0596491702898,-114.173373047698
95291,311 STRAVANAN BA SW,51.0490880991533,-114.174541506357
95511,68 STRATHCONA CR SW,51.0475190251788,-114.166211581108
95760,31 STRATHLORNE CR SW,51.0437056028736,-114.170468152472
95956,35 STRATHBURY CI SW,51.0503595219659,-114.177617301802
96543,101 STRADDOCK CR SW,51.0497665017179,-114.184852007644
96825,6963 CHRISTIE BRIAR MR SW,51.0400008503805,-114.187103830465
97398,19 99 CHRISTIE PT SW,51.0382955850776,-114.177991796886
98915,3915B 10 AV SW,51.0430056861448,-114.143342631001
99428,49 WINDERMERE RD SW,51.0482849680315,-114.148499520045
100438,1431 27 ST SW,51.0401927868737,-114.12702024186
100570,201 2722 17 AV SW,51.0381265787556,-114.125195023688
100776,2006 WESTMOUNT RD NW,51.0522677034753,-114.105961868805
101906,1920 12 AV SW,51.0428812888945,-114.105321118925
102132,2144 17 AV SW,51.0380866867932,-114.110232065479
102493,405 1512 15 AV SW,51.0397534508799,-114.095365463379
103063,1301 10 AV SW,51.0438520170904,-114.09150555857
103290,1020 15 AV SW,51.0394672444978,-114.0852930539
104333,606 1334 14 AV SW,51.0406503823176,-114.093581162778
104619,205 639 14 AV SW,51.0396123062283,-114.07585836321
104882,402 1202 13 AV SW,51.0414785712834,-114.089277755849
105889,1823V 924 14 AV SW,51.0403555182128,-114.083131148622
106398,206 1420 MEMORIAL DR NW,51.0508198943663,-114.092787346601
106832,1709 727 6 AV SW,51.0475875098112,-114.077580224238
107481,504 706 15 AV SW,51.0392405376002,-114.077260998611
109445,909 804 3 AV SW,51.051037575542,-114.079507068045
110356,62V 1315 12 AV SW,51.0419768314159,-114.092318841825
110467,103 683 10 ST SW,51.0474348667861,-114.086431977492
111727,323R 6 AV SW,51.0471613871698,-114.069857788056
112317,37V 215 14 AV SW,51.0393481958856,-114.066945116333
112581,35V 128 2 AV SE,51.0513810998603,-114.061425297698
112737,409 221 6 AV SE,51.047041833112,-114.058785691604
113821,403 339 13 AV SW,51.0402128887709,-114.070725936979
114090,45V 317 14 AV SW,51.0394198031987,-114.06947959175
114217,310 126 14 AV SW,51.0398425681775,-114.064502783297
114280,502 126 14 AV SW,51.0398425681775,-114.064502783297
114596,6V 333 RIVERFRONT AV SE,51.05004229867,-114.056576095008
114934,168V 205 RIVERFRONT AV SW,51.0519282470685,-114.065452907407
115000,234V 205 RIVERFRONT AV SW,51.0519282470685,-114.065452907407
115165,1123 9 ST SE,51.03910172211,-114.040374294569
115897,301 44 6A ST NE,51.0512754395838,-114.046347185535
115905,301 42 6A ST NE,51.0512754395838,-114.046347185535
116289,110 1415 17 ST SE,51.0404974678268,-114.021070361383
116470,1302 34 ST SE,51.0422822911499,-113.984192134969
116665,1218 24 ST SE,51.0421318034306,-114.001266115927
116755,2802 15 AV SE,51.0398525060088,-113.995334890723
116838,2705 16 AV SE,51.0384484010151,-113.997574959089
117022,2620 14 AV SE,51.0407857266637,-113.999166836624
117432,732 RAYNARD CR SE,51.0437883754315,-113.992322619447
117901,1515 43 ST SE,51.0403663942193,-113.971844407413
117959,1509 39 ST SE,51.0404990285315,-113.977623208306
118797,516 FORITANA RD SE,51.0500335055239,-113.961184039315
120209,1715A 39 ST SE,51.0386750105041,-113.977625562715
120273,62 3745 FONDA WY SE,51.0509691937077,-113.980162314068
121128,1059 PENRITH CR SE,51.0440774981058,-113.949447249745
121338,940 PENMEADOWS RD SE,51.0472991103358,-113.954764145347
121486,112 PENMEADOWS CL SE,51.0467961891123,-113.951804876501
121945,508 PENWORTH DR SE,51.0497005593825,-113.951005618412
121966,6036 5 AV SE,51.0487436642223,-113.947853858423
122671,120 FOREST RD SE,51.0518121903603,-113.958047576691
123040,42 100 PENNSYLVANIA RD SE,51.0520191637513,-113.952317153494
123107,308 5404 10 AV SE,51.0442737247188,-113.95649385196
123517,43V 6224 17 AV SE,51.0384166089236,-113.944451270271
124656,2443 45 ST SE,51.0316601598757,-113.968996150157
125254,3029 DOVERVILLE CR SE,51.0273862024557,-113.970658657985
125273,2931 DOVERVILLE CR SE,51.0285023136135,-113.971711359434
126068,183 ERIN WOODS DR SE,51.0220825906218,-113.968377735742
126080,152 ERIN CROFT CR SE,51.0250488785549,-113.969554437373
126522,30 4649 HUBALTA RD SE,51.0272789940035,-113.968002662939
126592,569 ERIN WOODS TC SE,51.0252427336421,-113.964535537682
126598,557 ERIN WOODS TC SE,51.0252427336421,-113.964535537682
127460,3422 30A AV SE,51.0266732330962,-113.984285073052
128678,2709 17 ST SE,51.0300922279138,-114.019565139479
129051,707 23 AV SE,51.0327253191013,-114.044802653843
129961,3305 ERLTON ST SW,51.0247767924482,-114.064457863665
130318,802 318 26 AV SW,51.0300914750208,-114.069927131364
130981,401 2422 ERLTON ST SW,51.030954966,-114.061891066145
131114,165V 2422 ERLTON ST SW,51.030954966,-114.061891066145
131291,2314 ERLTON PL SW,51.0328667136881,-114.063186967441
131679,384V 60 24 AV SW,51.0323063051319,-114.061880443557
132646,615 17 AV SW,51.0376002236648,-114.075168676452
132787,1031 32 AV SW,51.0245547708642,-114.087639967262
133148,1201 PROSPECT AV SW,51.0321081500301,-114.089277287849
134204,401 629 ROYAL AV SW,51.0347735746448,-114.076673467045
134269,206 545 18 AV SW,51.0366804853373,-114.073593827215
135016,2103 14A ST SW,51.036404960675,-114.096408261715
137048,6 2400 15 ST SW,51.0328549166057,-114.096754486923
138187,3011 HAMPTON CR SW,51.0238826300686,-114.130322606342
138729,2225 25 ST SW,51.0338794908973,-114.121229677695
139670,1916 37 ST SW,51.0371288683368,-114.140750575288
140111,103 2411 29 ST SW,51.0328603232948,-114.129928367778
140966,2216 45 ST SW,51.0331109706766,-114.152408743802
141153,3807 19 AV SW,51.036023326053,-114.141848553886
141729,2715 42 ST SW,51.0298546418787,-114.148475969885
141999,4023 GLENPARK CR SW,51.0297535326209,-114.143977307863
142219,3128 44 ST SW,51.0259884345025,-114.15066855184
142896,20 3015 51 ST SW,51.0279780186758,-114.162456880382
142949,73 3015 51 ST SW,51.0279780186758,-114.162456880382
143256,317 3000 51 ST SW,51.0283358760502,-114.159916241632
143338,2705 SIGNAL HILL HT SW,51.0300844594009,-114.167324107467
143687,2063 SIROCCO DR SW,51.0309840714227,-114.168372497353
143818,408 SIGNAL HILL PL SW,51.0239503255955,-114.167904764129
143956,7 SIGNATURE ME SW,51.0320595648676,-114.174026619578
144412,23 SIENNA HILLS VW SW,51.0262009485106,-114.175307527794
144509,344 SIENNA PARK DR SW,51.0246129140042,-114.183734806241
145622,1302 1818 SIMCOE BV SW,51.03601699883,-114.178323584423
145845,230 1858 SIROCCO DR SW,51.0367230669958,-114.170282829694
145903,125V 1858 SIROCCO DR SW,51.0367230669958,-114.170282829694
146020,2328 1818 SIMCOE BV SW,51.0355374397578,-114.177761412782
146200,44 100 SIGNATURE WY SW,51.0362345965283,-114.173258810673
146709,3650 SIERRA MORENA RD SW,51.021431512656,-114.183382604983
147558,355 SIERRA NEVADA PL SW,51.0120702333619,-114.18418043852
148540,401 30 SIERRA MORENA ME SW,51.0151798441628,-114.173943975109
148816,30 GLADEVIEW CR SW,51.0137347289075,-114.144932883985
149506,4920 43 ST SW,51.0106664663562,-114.148687743168
149789,4328 45 ST SW,51.0142672186345,-114.152419206881
150637,505 4550 47 ST SW,51.013155903077,-114.154006285179
151305,1105 60 GLAMIS DR SW,51.0154716875062,-114.161092585056
152326,523 4525 31 ST SW,51.0152270433783,-114.139904530008
152333,2 4315 RICHARDSON RD SW,51.0164556374975,-114.135301838664
152789,3903 16 ST SW,51.0199929051018,-114.100906527571
152807,4912 21 ST SW,51.0107528651804,-114.111794355697
152823,4207 15A ST SW,51.0168805937692,-114.099452480285
154312,1312 36 AV SW,51.0218327750104,-114.093309893529
154615,4404 BRITANNIA DR SW,51.0146343780668,-114.085535002436
155857,331 46 AV SW,51.0116710172758,-114.070200692383
156126,3827 PARKHILL ST SW,51.0208123056325,-114.064723565807
156511,4631 MANITOBA RD SE,51.0122420208942,-114.057044560501
156608,3610 3 ST SW,51.02276004183,-114.069696313499
156794,1602 4637 MACLEOD TR SW,51.0118352383476,-114.067109566801
157096,4220 BLACKFOOT TR SE,51.0167935186062,-114.047063429931
157845,8 DOVERCROFT PL SE,51.0184202866767,-113.985606780402
157902,363 DOVERVIEW CR SE,51.0168831597801,-113.985379635934
157921,4128 DOVERVIEW DR SE,51.0187179832428,-113.983544736074
159698,96 ERIN RIDGE RD SE,51.0161799175165,-113.975155227754
159970,12 ERIN GREEN ME SE,51.0173703751657,-113.969935649318
161211,5605 48 ST SE,51.00248915342,-113.965091208226
161340,2920 61 AV SE,50.9996863901878,-113.990069578998
161538,6048 17A ST SE,50.9996751453905,-114.017370400149
163427,25 MEDFORD PL SW,50.9968625489268,-114.088197783254
163746,418 723 57 AV SW,51.002164834059,-114.080275931141
165142,2020 51 AV SW,51.007997959097,-114.107578535348
165532,2723 LIONEL CR SW,50.9965131283117,-114.122273371456
165547,2839 LIONEL CR SW,50.9953779050266,-114.12392758091
165718,2919 LATHOM CR SW,50.9992796926667,-114.12584655087
166465,5447 LA SALLE CR SW,51.0053124662246,-114.138037171856
168027,817 68 AV SW,50.992077083947,-114.07991936873
168831,92 CHINOOK DR SW,50.9803898838298,-114.084908721955
169160,1208 KILLEARN AV SW,50.989142666369,-114.089367517056
170389,29 FERNIE PL SE,50.984334601479,-114.06538570045
171135,87 FERNCLIFF CR SE,50.9870721091503,-114.059382247317
171680,7403 20 ST SE,50.9867064814574,-114.01199816059
172473,723 OLYMPIA DR SE,50.9809032486822,-114.003713339208
173290,311 LYNNVIEW CR SE,50.9960512059688,-114.019473068506
174198,3525 62 AV SE,50.9974766725018,-113.98435945824
174348,3920 78 AV SE,50.9829300680523,-113.979106529204
174451,4910 80 AV SE,50.980858692963,-113.963560487638
174453,7139 44 ST SE,50.9918526699581,-113.971698459657
174711,2731 84 AV SE,50.9774795742778,-113.996450461952
175453,104 RIVERGLEN WY SE,50.9741127783918,-114.013631641941
175752,193 RIVERGLEN DR SE,50.9756095049766,-114.005440075572
176565,34 RIVER ROCK GR SE,50.9707919519147,-114.006657128261
176718,19 RIVERWOOD CO SE,50.968162336229,-114.01222044548
177099,139 RIVERCREST CL SE,50.978728888853,-114.008085508744
178496,645 RIVERBEND DR SE,50.9803312766358,-114.024314743562
178633,229 RIVERSIDE CI SE,50.9809049996322,-114.026255469613
179127,9816 ALCOTT RD SE,50.9653535084889,-114.060998218159
179254,9612 2 ST SE,50.9673669623198,-114.06477951713
179328,9504 3 ST SE,50.96845803562,-114.060231626468
179983,523 ARLINGTON DR SE,50.9756273767757,-114.055896946847
180066,8603 ATHABASCA ST SE,50.9768961004855,-114.057551693999
180704,123 315 HERITAGE DR SE,50.9786303114456,-114.063606122509
181075,3110 205 HERITAGE DR SE,50.9786314071037,-114.067515629472
181761,217 8535 BONAVENTURE DR SE,50.9763460147217,-114.069239841327
181836,132 8535 BONAVENTURE DR SE,50.9769098651451,-114.069239029432
181885,149 8535 BONAVENTURE DR SE,50.9774944255272,-114.069238010752
184415,909 9800 HORTON RD SW,50.9670081716972,-114.074195601365
184477,1702 9800 HORTON RD SW,50.9670081716972,-114.074195601365
184690,9647 19 ST SW,50.9670206035034,-114.106759145449
185485,130 PUMPRIDGE PL SW,50.968472601406,-114.102409330675
185968,222 2144 PALISWOOD RD SW,50.9707135450804,-114.109195825559
186671,3104 PALLISER DR SW,50.9704504169608,-114.129856979282
187519,37 2815 PALLISER DR SW,50.9687671447605,-114.123416616675
187684,1201 2520 PALLISER DR SW,50.9702652400935,-114.119322707992
187804,9 35 OAKMOUNT CO SW,50.97652597371,-114.137148943893
187834,207 9500 OAKFIELD DR SW,50.9698551260794,-114.13123096079
187981,216 OAKMOOR PL SW,50.9616950627873,-114.130912830638
188342,255 CEDARBRAE CR SW,50.9584217765244,-114.126495137603
188503,624 CEDARILLE WY SW,50.9608550756961,-114.133228656315
188669,128 CEDARILLE GR SW,50.9599444300116,-114.136141930785
188854,452 CEDARPARK DR SW,50.9589733331162,-114.122268802203
188898,108 CEDARPARK GR SW,50.9595955045576,-114.119861379919
189213,35 CEDARWOOD HL SW,50.9555406839287,-114.133877431916
190511,209 ANDERSON GV SW,50.9510941501422,-114.128598683923
190794,43 BRALORNE CR SW,50.9576929112852,-114.096091323877
191857,227 BROOKPARK DR SW,50.9552230012979,-114.113656392954
192673,93 2300 OAKMOOR DR SW,50.9638170747449,-114.115934504132
193092,204 739 BRACEWOOD DR SW,50.9527292223413,-114.114662434771
193430,68 BRAE GLEN LN SW,50.9585991868212,-114.104084486509
195187,1332 SOUTHDALE CR SW,50.9526792405153,-114.092440529701
195341,11412 SOUTHDALE CL SW,50.9518888255833,-114.089485648096
195679,1203 315 SOUTHAMPTON DR SW,50.9519783852402,-114.086030586089
197272,10325 BONAVENTURE DR SE,50.960455994821,-114.069743480153
198213,10803 MAPLEFORD RD SE,50.9569244882978,-114.038342924821
198734,115 DOUGLAS GLEN BA SE,50.9500475937682,-114.006264802429
199852,33 DOUGLAS RIDGE CL SE,50.9410177342551,-113.979413475589
200316,131 DOUGLAS WOODS PT SE,50.943276991269,-113.99564685737
200978,169 DOUGLAS PARK BV SE,50.9385637978637,-113.995123703027
201825,212 QUEENSLAND PL SE,50.9400236640057,-114.026406860787
201976,151 QUEEN TAMARA RD SE,50.940564373202,-114.022005919141
202092,143 QUEENSLAND PL SE,50.9386582160924,-114.02497831881
202117,408 QUEEN CHARLOTTE DR SE,50.9351511344458,-114.023917447869
203303,171 DOUGLASBANK ME SE,50.9431204317402,-114.005515098465
203580,916 MAPLEGLADE DR SE,50.9516628661954,-114.040104399912
204602,1035 LAKE TWINTREE DR SE,50.9395899758316,-114.0442627589
204723,1352 LAKE SYLVAN DR SE,50.9457953865263,-114.030592224295
205447,31 LAKE LINNET CL SE,50.9471305027262,-114.052806632076
206278,104 LAKE MEAD PL SE,50.9379962037267,-114.057369612365
206468,107 12505 BONAVENTURE DR SE,50.9412924677172,-114.063173162836
206892,1023 CANFORD PL SW,50.9470357815686,-114.083358959031
207472,12220 CANFIELD RD SW,50.9433507951112,-114.072914214542
208600,319 CANTER PL SW,50.9466456560766,-114.094083143446
208659,12919 CANDLE CR SW,50.9374323942318,-114.087223527017
209782,632 WOODPARK CR SW,50.9477826420065,-114.107152728422
210209,107 WOODVALE RD SW,50.9378902776408,-114.114786328602
211347,79 WOODFIELD CR SW,50.9370982170733,-114.125369673851
211547,2624 126 AV SW,50.9393734495287,-114.124949718078
211663,79 WOODFORD DR SW,50.9488133650597,-114.122377497763
212284,288 WOODBINE BV SW,50.9459557612677,-114.126287636468
213506,33 WOODMARK PL SW,50.9466296799013,-114.124676160485
213605,293 WOODBRIAR CI SW,50.9443867774768,-114.137939878822
213680,525 WOODBINE BV SW,50.9465955329073,-114.136741453767
214462,452 WOODHAVEN PL SW,50.9351710201803,-114.127354811544
215235,1559 EVERGREEN DR SW,50.9275903505589,-114.098455394283
215730,219 EVERGREEN HT SW,50.9233529126884,-114.095666290336
215734,210 EVERGREEN HT SW,50.9228546264591,-114.095962010124
215958,225 CANTRELL DR SW,50.9341305427175,-114.076804304777
215968,248 CANTRELL DR SW,50.9344117967508,-114.077424154096
216004,148 CANTRELL DR SW,50.9356949501597,-114.078564597485
216131,896 SHAWNEE DR SW,50.9268023925848,-114.086578882221
216353,1049 SHAWNEE DR SW,50.9294843465053,-114.09273538114
216397,64 SHAWNEE WY SW,50.9216628206301,-114.090816267562
217095,5215 14645 6 ST SW,50.9222119018312,-114.078223260168
217140,120 LAKE MEAD DR SE,50.9375742369639,-114.056240781342
217483,1139 LAKE PLACID DR SE,50.9351841380556,-114.05949477878
219913,14632 DEER RUN BV SE,50.9241060034167,-114.004755451684
220776,12 DEERCROSS PL SE,50.9253663429079,-114.008343436181
223710,238 MCKENZIE LAKE BA SE,50.9137022432471,-113.981815187536
224359,80 MCKENZIE LAKE CR SE,50.9108929147539,-113.977329941163
225066,572 PARKRIDGE DR SE,50.9154378502134,-114.018085944917
225896,96 DEERBOW CI SE,50.9194749833773,-114.015847927515
226018,43 DEERSAXON CI SE,50.9213294447324,-114.018333005899
226201,10 PARKRIDGE VW SE,50.9194282069314,-114.025240110146
226435,443 PARKVIEW CR SE,50.9193326522243,-114.029559052649
226574,111 PARKGLEN PL SE,50.9215191161041,-114.027557851581
227186,56 MIDVALLEY CR SE,50.9097209148558,-114.041293845708
228122,80 MIDRIDGE GD SE,50.9157420516212,-114.06095598902
228315,72 MIDRIDGE CL SE,50.9188903646396,-114.053890947249
229507,80 SHAWMEADOWS CR SW,50.9086693015521,-114.0744180362
230248,35 MILLPARK RD SW,50.9208973588063,-114.082432833309
231191,121 SHANNON ME SW,50.9106926354325,-114.085844583702
232774,3131 MILLRISE PT SW,50.9204402665888,-114.073398561194
234390,5320 NOSE HILL DR NW,51.0996027133288,-114.206800009917
234700,4 SCIMITAR RI NW,51.1067079063427,-114.213563454252
236905,73 STRATHLEA CO SW,51.0489745427602,-114.202701330289
237639,7707 SPRINGBANK WY SW,51.019561419331,-114.196035456972
239695,119 SCENIC PARK CR NW,51.1160537410644,-114.22042818844
239706,75 SCENIC PARK CR NW,51.1149258994941,-114.220022102551
239853,125 SCANDIA HL NW,51.1153535093089,-114.216312770862
241638,71 ARBOUR STONE CL NW,51.1357322992959,-114.214757127409
241842,37 ARBOUR STONE CR NW,51.1342341185755,-114.218540485455
243019,23 HAWKWOOD DR NW,51.1263666773458,-114.188397137624
243859,62 ARBOUR CREST CL NW,51.1357804053015,-114.202938647981
243910,46 ARBOUR CREST CI NW,51.1353424338634,-114.206389458524
245015,317 33 ARBOUR GROVE CL NW,51.1273801518959,-114.209007159345
245091,256V 33 ARBOUR GROVE CL NW,51.1273801518959,-114.209007159345
245601,248 HAWKVIEW MANOR CI NW,51.127917122483,-114.168453615047
245752,216 HAWKVIEW MANOR PL NW,51.1292265630674,-114.171647231122
245790,8 HAWKFORD CR NW,51.131487791192,-114.169935253577
246375,331 HAWKDALE BA NW,51.1321002223345,-114.186153492921
248005,8V 1000 HAWKSBROW PT NW,51.1289513694226,-114.176370130429
248016,19V 1000 HAWKSBROW PT NW,51.1289513694226,-114.176370130429
248048,1102 HAWKSBROW PT NW,51.1289513694226,-114.176370130429
248702,32 HAWKHILL WY NW,51.1280603704889,-114.163785994612
248873,8 EDGELAND GA NW,51.1319010770838,-114.158727117434
249225,216 HAWKHILL PL NW,51.1304925122038,-114.161741546544
249279,136 EDGERIDGE PL NW,51.1366019266835,-114.1503502592
249435,156 EDGEPARK WY NW,51.1380687798849,-114.15279815368
249454,109 EDGEVIEW RD NW,51.1271209231159,-114.150390534318
249669,305 EDGEVIEW PL NW,51.1310510024258,-114.150168929152
249991,70 EDGERIDGE BA NW,51.1377791748407,-114.144067219743
252275,109 108 EDGERIDGE TC NW,51.13924498088,-114.132584158752
252963,19 BERKLEY GA NW,51.1264573226478,-114.098504670784
253793,113 SANDPIPER WY NW,51.1392173732038,-114.097874216719
254535,47 MACEWAN PARK CI NW,51.1342059889046,-114.115458249225
254746,84 MACEWAN PARK HT NW,51.1365411892951,-114.114965397783
255105,42 BERKLEY WY NW,51.1293274699919,-114.082585524561
255364,39 BERWICK PL NW,51.1291892932962,-114.087294446624
255600,36 BERMUDA RD NW,51.1295984102291,-114.078785641575
255606,60 BERMUDA RD NW,51.1303177506273,-114.07838560898
256274,80 BERWICK CR NW,51.1318447673725,-114.091771835722
256307,250 BERWICK DR NW,51.1304663510465,-114.094382586808
256327,120 BEARBERRY CR NW,51.131706093525,-114.093099254901
256604,228 BERMUDA DR NW,51.1326982632795,-114.078969786122
256894,54 BERMONDSEY RD NW,51.127395097868,-114.088988775415
257291,59 SANDERLING RI NW,51.1379858266843,-114.089132895936
257459,1040 SANTANA RD NW,51.1369872095519,-114.086315741059
257788,33 380 BERMUDA DR NW,51.1328577196612,-114.086460909191
258357,292 BEDDINGTON CI NE,51.1308473382465,-114.070467241696
258825,23 BEDWOOD RI NE,51.1262151434642,-114.059125056728
259108,909 15 ST SW,51.0461933396303,-114.096996475038
259118,18V 3912 STANLEY RD SW,51.0191053620488,-114.063510638472
259977,152V 838 19 AV SW,51.0362944786182,-114.080979538069
260142,1632 14 AV NW,51.0656737043057,-114.102953794787
260870,88 SADDLEMONT BV NE,51.127787257953,-113.941930663882
261433,1078 BRIDLEMEADOWS MR SW,50.8955510310652,-114.114118015772
263838,205V 345 ROCKY VISTA PA NW,51.139164063027,-114.238389245297
264184,539 51 AV SW,51.0075683900571,-114.076124448864
264228,84 PANAMOUNT GR NW,51.1614200544454,-114.076721319461
264884,55 DISCOVERY VALLEY CV SW,51.0097073735319,-114.20302402749
265100,6 ROCKYLEDGE RI NW,51.1451765047466,-114.252957571036
266277,7 TUSCANY GLEN PL NW,51.1168215338842,-114.250366580683
267084,735 TARADALE DR NE,51.1171234877231,-113.926740557828
268267,96V 1121 6 AV SW,51.0479584018776,-114.087211460214
268867,32 PRESTWICK ESTATE LI SE,50.9215249950503,-113.96956546926
269405,335 VALLEY CREST CO NW,51.0951330672374,-114.264631931565
269559,1148 5200 44 AV NE,51.0922027276381,-113.960080516616
270086,130V 838 19 AV SW,51.0362944786182,-114.080979538069
270253,42 TARALEA GR NE,51.1168702654768,-113.942141809145
270786,1320 LAKE FRASER GR SE,50.9453233560621,-114.067619035678
272043,131 CHAPMAN CI SE,50.879602033939,-114.028113816603
273271,70 EVANSMEADE CI NW,51.1620737460768,-114.114353026281
274989,2080 BRIDLEMEADOWS MR SW,50.8958417261519,-114.11461404887
275019,2041 BRIDLEMEADOWS MR SW,50.8961866185797,-114.115932018654
275735,29 COULEE PA SW,51.0673244607917,-114.19201496029
276081,12 ASPEN RIDGE WY SW,51.047734890646,-114.194480733025
276219,334 35 RICHARD CO SW,51.0074562579277,-114.133551088729
276241,437V 35 RICHARD CO SW,51.0074562579277,-114.133551088729
276667,7 2121 98 AV SW,50.964617377505,-114.110427419876
277537,117 TUSCANY RAVINE VW NW,51.1111486197172,-114.240926821044
278167,54 EVANSBROOKE MR NW,51.1662691297564,-114.122880864526
278780,79V 550 PROMINENCE RI SW,51.0590107585096,-114.176946345348
278969,274 BRIDLERIDGE WY SW,50.899952165961,-114.108677760021
279018,68 EVERSYDE MR SW,50.9122527819238,-114.108718890004
280448,125 COPPERFIELD GV SE,50.9080676798843,-113.939405349322
280551,26 DISCOVERY RIDGE LN SW,51.0139702985073,-114.214232232988
281415,203 315 24 AV SW,51.031212472127,-114.069738554606
281471,178V 315 24 AV SW,51.031212472127,-114.069738554606
281545,48V 317 19 AV SW,51.0359583727658,-114.069761279714
281810,112 PRESTWICK PT SE,50.9252625311095,-113.973113746096
282075,322V 2280 68 ST NE,51.071981858931,-113.933860884911
282216,262V 2280 68 ST NE,51.071981858931,-113.933860884911
282340,2186V 70 PANAMOUNT DR NW,51.1585380222598,-114.072775100693
282569,1704 111 TARAWOOD LN NE,51.121578327374,-113.943673258442
283251,320 2233 34 AV SW,51.0226284848842,-114.113161368564
283787,305 3501 15 ST SW,51.0229741265282,-114.098010779554
284930,74 ROCKBOROUGH PA NW,51.1506916745839,-114.236175104866
285257,3 ROCKMONT CO NW,51.151297852173,-114.249465413933
285357,407 5000 SOMERVALE CO SW,50.8943917925598,-114.069034138324
286188,69 MCKENZIE TOWNE GA SE,50.9142729946807,-113.959676572208
286548,79 CRANLEIGH CL SE,50.8927430697522,-113.986495241996
286633,36 TUSCANY CO NW,51.1256573574461,-114.249201804085
287283,112 SADDLECREST BV NE,51.1354024954842,-113.942201476046
287787,66 EVERCREEK BLUFFS VW SW,50.923778656763,-114.122128517363
288611,151 EVERSYDE WY SW,50.9133682819642,-114.108935727017
289999,354V 2000 LAKE FRASER GR SE,50.9460945058617,-114.06780753171
290571,211V 274 SHAWVILLE WY SE,50.9008643145791,-114.06866088365
291350,93 COVENTRY HILLS DR NE,51.1639302120744,-114.063770718201
292721,439 PRESTWICK CI SE,50.9268510171356,-113.962580926602
292812,203 2221 14 ST SW,51.0353237776019,-114.095133318413
294162,71 CHAPARRAL GV SE,50.8842048950039,-114.042509202502
294358,259 MCKENZIE TOWNE DR SE,50.9062050969007,-113.96503859932
294488,612 55 AV SW,51.0045053738511,-114.07728876611
295473,106 ROYAL BIRCH VI NW,51.1489852407756,-114.216481903538
296379,16 TUSCANY VISTA CR NW,51.1197110996161,-114.253719421061
296429,133 TUSCANY VISTA CR NW,51.1192002972898,-114.255724486084
297505,7107 14 HEMLOCK CR SW,51.0470577168959,-114.130196159977
297747,2307 2518 FISH CREEK BV SW,50.9219044394237,-114.118456814413
297968,106V 1828 14 ST SW,51.0369092579588,-114.094231834088
298908,21 SPRING VALLEY VW SW,51.0279822797099,-114.200474077419
299711,37 TUSCANY SPRINGS TC NW,51.1325515697543,-114.248906532742
299952,164 COUGARSTONE CO SW,51.0699584869206,-114.221588913965
300013,55 PRESTWICK ST SE,50.9251060711116,-113.967237600493
300803,111 CRANLEIGH MR SE,50.8918156351583,-113.995139570321
300959,126 EVERHOLLOW HT SW,50.9209043908479,-114.122508611888
301036,2204 928 ARBOUR LAKE RD NW,51.1326709094358,-114.215566079295
302021,157 MCKENZIE TOWNE DR SE,50.9066078954088,-113.969453461225
302028,171 MCKENZIE TOWNE DR SE,50.9066078954088,-113.969453461225
302379,109 EVERWOODS CL SW,50.9193892587743,-114.127687614817
302524,32 CRANBERRY WY SE,50.8892846309152,-113.974243356649
304268,84V 1000 APPLEVILLAGE CO SE,51.0392094213747,-113.9345624725
305540,805 1225 15 AV SW,51.0390735103243,-114.090395104086
305556,6309 70 PANAMOUNT DR NW,51.1580844759899,-114.070857129867
305799,202 CHAPALINA CO SE,50.8813602088602,-114.042246728328
307423,12 EVANSCREEK CO NW,51.1671923769812,-114.120777588975
308228,133S 532 5 AV NE,51.0575259682354,-114.049956096877
308957,808 RIDEAU RD SW,51.0265653502158,-114.076763276827
309385,15 TOSCANA GD NW,51.1210675098196,-114.255021038679
310443,404 1724 26 AV SW,51.0307301392079,-114.100187292769
311512,204 450 ROCKY VISTA GD NW,51.1393889098953,-114.241638688047
312211,1412 11 AV SE,51.0385826635936,-114.032156629547
312317,11 PANTEGO RI NW,51.1616658004018,-114.102887254038
312572,3218 16320 24 ST SW,50.9057329864874,-114.115599444601
312652,303 FORGE RD SE,50.9932144672351,-114.058182641294
313970,85V 48 INVERNESS GA SE,50.9141397584476,-113.964378836564
314561,161 PANATELLA PA NW,51.1666020895102,-114.06992037946
315642,299V 10 DISCOVERY RIDGE CL SW,51.0128402382281,-114.214119532073
316869,129 ST MORITZ PL SW,51.0366977969391,-114.214878363961
316959,92 CHAPALINA RI SE,50.8794879374047,-114.040493949742
317021,1105 TARADALE DR NE,51.1228583174694,-113.930561160723
317095,206 3 EVERRIDGE SQ SW,50.9082835933948,-114.115355057935
317677,435 ST MORITZ DR SW,51.0331529856818,-114.218310048553
317845,10 153 ROCKYLEDGE VW NW,51.1421603109908,-114.250109116139
318328,223V 15 EVERSTONE DR SW,50.9074208101665,-114.106891306761
318600,46 PANAMOUNT VI NW,51.1617037613157,-114.088306879374
318811,3103 111 TARAWOOD LN NE,51.1237035520987,-113.943843482959
320066,59 PANATELLA MR NW,51.164860948581,-114.084993572985
321288,110 EVERWOODS GR SW,50.9178417044533,-114.127935536456
321481,807 18 AV NW,51.0684992119599,-114.07943839125
322294,187V 10 PRESTWICK BA SE,50.9272726771349,-113.959391040615
322762,215 SADDLEBROOK WY NE,51.1327440809249,-113.933588541688
322798,15 SADDLEBROOK ME NE,51.1326952783184,-113.930982141425
323316,367V 5605 HENWOOD ST SW,51.0029813884129,-114.129521405219
324696,2102 1410 1 ST SE,51.0391322320998,-114.060414900908
324741,229V 1410 1 ST SE,51.0391322320998,-114.060414900908
326734,424 SILVERADO RANGE HT SW,50.8857180187968,-114.072813393433
326975,307 188 15 AV SW,51.038923942615,-114.065519437418
327639,1 AUBURN SOUND GR SE,50.8872065775678,-113.965411525978
327833,670V 20 DISCOVERY RIDGE CL SW,51.0120633983531,-114.212059076585
328103,430 20 DISCOVERY RIDGE CL SW,51.0120633983531,-114.212059076585
328419,205 TUSCANY RESERVE RI NW,51.1331335724998,-114.25639439471
328591,60 BRIDLE ESTATES MR SW,50.898525585241,-114.119056516101
328684,72 ASPEN HILLS CL SW,51.0409504099641,-114.220241205574
328906,1117 2395 EVERSYDE AV SW,50.9074921752311,-114.115864588597
329103,2032 35 ST SW,51.0351013692761,-114.137919024515
329166,29 COPPERSTONE PL SE,50.9162741799656,-113.933572682466
329627,1605 55 SPRUCE PL SW,51.0430785228026,-114.136732143126
330206,122 EVERGLEN CR SW,50.9144629607477,-114.127701155896
330479,1601 1110 11 ST SW,51.0424013741998,-114.088324524354
331097,102 11 EVERRIDGE SQ SW,50.9083245361495,-114.11663703179
331567,143V 111 9 ST NE,51.0526513822335,-114.041034485935
331898,389V COUNTRY VILLAGE LN NE,51.160053838478,-114.056378577774
333648,45 EVEROAK CL SW,50.9149244584175,-114.11196349007
334561,536V 5 COUNTRY VILLAGE PA NE,51.1601520807229,-114.056742963562
334574,2432 25 ST SW,51.0320089093914,-114.120395207731
335065,41 ROYAL OAK MR NW,51.152129643865,-114.218467500541
335484,1909 48 AV SW,51.0103574025582,-114.103972728979
336599,244 SILVERADO RANGE VW SW,50.8828015592882,-114.07610291915
338020,37 AUBURN BAY GD SE,50.8903163468176,-113.968780246725
338027,65 AUBURN BAY GD SE,50.8901590996578,-113.969499285807
338245,191 NEW BRIGHTON DR SE,50.9237835745716,-113.955028453779
338803,2204 43 COUNTRY VILLAGE LN NE,51.1596865291878,-114.056347957493
339682,36 COPPERSTONE TC SE,50.9189990541812,-113.931591421032
340213,404 620 15 AV SW,51.0391965461378,-114.075696700242
340482,510 2200 WOODVIEW DR SW,50.9423893467815,-114.110068679307
341213,161 EVEROAK GD SW,50.9127619088055,-114.1152079644
342854,186 TARALAKE WY NE,51.1191888327362,-113.929688301464
344035,135 AUTUMN CL SE,50.8987159878108,-113.962431083774
344197,237 PANAMOUNT RD NW,51.156180431261,-114.092760564742
344855,218 PRESTWICK TC SE,50.9276615498364,-113.973464574322
345129,2 SILVERADO SADDLE CR SW,50.8816968696798,-114.078618192774
345142,54 SILVERADO SADDLE CR SW,50.8826157552814,-114.079319711204
346093,447 SILVERADO PLAINS CI SW,50.8784130761076,-114.080770621941
347157,54 EVERHOLLOW MR SW,50.9169295924439,-114.119401002533
349335,47 PANTEGO AV NW,51.1628446229416,-114.09869789102
349993,402 414 MEREDITH RD NE,51.0521928370467,-114.053576575015
350368,21 CRANRIDGE TC SE,50.8815351477298,-113.982221919293
350507,4328 16A ST SW,51.0151234780252,-114.101534023474
351174,148 300 EVANSCREEK CO NW,51.1663603684433,-114.120099957641
351540,314V 26 VAL GARDENA VW SW,51.0327057833691,-114.212374501174
352454,16 COPPERPOND RD SE,50.9196293545851,-113.929466692397
353180,4202 60 PANATELLA ST NW,51.1657453374004,-114.090672760298
353508,1901 155 SILVERADO SKIES LI SW,50.8868744502083,-114.078468299742
353925,583 TARALAKE WY NE,51.123334026777,-113.925883073587
354488,134 EVANSDALE LI NW,51.1719234656956,-114.106163414631
355000,217 92 SADDLETREE CO NE,51.1292083902174,-113.954062868353
356072,24 AUBURN GLEN LN SE,50.8972112842775,-113.95638119099
356752,1102 281 COUGAR RIDGE DR SW,51.0702666531044,-114.209516798158
357480,1206 530 12 AV SW,51.0419746899226,-114.073181849542
357896,211V 16969 24 ST SW,50.8996554992763,-114.119212629308
358598,1311 168 ST MORITZ DR SW,51.0370447302159,-114.215778752494
359003,2007 8710 HORTON RD SW,50.9758704845155,-114.073616087404
360126,381V 2 HEMLOCK CR SW,51.0480192673143,-114.13352908537
361267,1119 60 PANATELLA ST NW,51.1645161156261,-114.089186382679
361448,19 SPRINGBLUFF PT SW,51.0224549784562,-114.193818165782
362534,204 QUEENSLAND DR SE,50.9339790323895,-114.027608389973
362791,301R WENTWORTH HL SW,51.0635271326561,-114.220117918237
362837,35 WEST COACH GR SW,51.0636315795005,-114.219665929148
363249,29 ROYAL VISTA DR NW,51.1495435515989,-114.202336166564
363750,316V 162 COUNTRY VILLAGE CI NE,51.1578081532883,-114.055238107342
364114,2607 210 15 AV SE,51.0388302121394,-114.060303689532
364275,1302 210 15 AV SE,51.0388302121394,-114.060303689532
364319,1706 210 15 AV SE,51.0388302121394,-114.060303689532
365078,150 COPPERSTONE CL SE,50.9147903214961,-113.924982928387
366766,1214 815 4 AV SW,51.0495255658534,-114.079334723031
368839,139 11 MILLRISE DR SW,50.9161834655656,-114.072162077542
369360,623 COPPERPOND CI SE,50.9213562040148,-113.928854721728
370313,71 SAGE HILL WY NW,51.1781406049445,-114.143771545484
370565,163 SAGE HILL GR NW,51.1775928675006,-114.141691402543
370607,75 SAGE HILL GR NW,51.1762251049279,-114.143019628797
370762,239 SAGE VALLEY GR NW,51.1792400158942,-114.151309050575
370921,4 KINLEA LI NW,51.1652068875409,-114.136480675616
370990,4448 FRONT ST SE,50.8822576056323,-113.952633630337
372636,23 MAHOGANY PT SE,50.8999488842759,-113.939376725213
372778,335 35 ASPENMONT HT SW,51.0387853568287,-114.213485203534
373887,187 SKYVIEW SHORES CR NE,51.1588525936611,-113.966763303416
374219,236 2727 28 AV SE,51.0282917843335,-113.994163256701
375356,68V 2330 FISH CREEK BV SW,50.9224552981185,-114.114791265043
375521,208 250 NEW BRIGHTON VI SE,50.9145759918574,-113.943645918675
376626,245V 35 INGLEWOOD PA SE,51.0384058377852,-114.01676101605
377793,203 817 15 AV SW,51.0387860516656,-114.080193059286
378543,294V 315 3 ST SE,51.0496363986335,-114.055982318232
379051,56V 214 12 AV SE,51.0418751923325,-114.059212401598
379740,753S 214 12 AV SE,51.0418751923325,-114.059212401598
380713,29 ASPENSHIRE CR SW,51.049649659905,-114.213372746724
381020,2107 99 SPRUCE PL SW,51.0427079496864,-114.136006695282
381090,989V 99 SPRUCE PL SW,51.0427079496864,-114.136006695282
381240,18 SPRING WILLOW ME SW,51.0331506621136,-114.203168636839
381266,33 ASPEN HILLS DR SW,51.0409634162779,-114.219202664492
381477,668 PANORA WY NW,51.1692954791904,-114.098458571382
382767,429V 16969 24 ST SW,50.900412727063,-114.1194063097
383074,3600 4 ST SE,51.0218982514496,-114.048669863463
383188,1006 325 3 ST SE,51.0494307382726,-114.055896205552
383639,1610 125 PANATELLA WY NW,51.1677788415106,-114.068440281771
386073,241 SAGE MEADOWS CI NW,51.1720742911159,-114.130145633785
386092,36 SAGE MEADOWS CI NW,51.1736533620266,-114.131988605114
386480,140 EVANSDALE CM NW,51.175486470876,-114.104926728455
386564,157 PANATELLA PR NW,51.1709719689994,-114.07696815063
386709,132 VICTORIA CROSS BV SW,51.018926069244,-114.130333927981
387824,167 CRANFORD CR SE,50.8763667271731,-113.96640987292
388375,89 CHAPARRAL VALLEY GR SE,50.885629324744,-114.013444922707
389332,232 CRANARCH LD SE,50.8738515668165,-113.97204523904
390187,305 22 PANATELLA RD NW,51.1659898156904,-114.088196054514
390362,216 70 ROYAL OAK PZ NW,51.1501635279954,-114.216377011712
390512,929S 70 ROYAL OAK PZ NW,51.1501635279954,-114.216377011712
390530,947S 70 ROYAL OAK PZ NW,51.1501635279954,-114.216377011712
390771,376 TREMBLANT WY SW,51.0358997215019,-114.222329862352
391340,39 ASCOT CR SW,51.0504562651429,-114.220289210075
391524,42 SKYVIEW RANCH ST NE,51.1591325599845,-113.955052322307
391611,109 SKYVIEW SHORES MR NE,51.1562286441459,-113.963463632188
391866,99 PANTON LD NW,51.1718003540974,-114.079927253217
391879,43 PANTON LD NW,51.1716686374291,-114.081632377896
392391,34 ASPEN HILLS GR SW,51.0392451488753,-114.217965624154
392721,49 SKYVIEW POINT CM NE,51.1586763885251,-113.953070466074
393071,1026 222 RIVERFRONT AV SW,51.0529210465587,-114.067139119327
393197,252 222 RIVERFRONT AV SW,51.0529210465587,-114.067139119327
393988,516 EVANSTON DR NW,51.1738921004405,-114.121041101054
395151,149 TARALAKE CM NE,51.1223097277293,-113.923678552466
395425,36 ASPEN SUMMIT VW SW,51.0460210582654,-114.204688368349
395852,246 COVECREEK CI NE,51.1727282736236,-114.048368617668
396176,21 CRANBROOK HT SE,50.8706227913479,-113.983975321494
396475,1015 EVANSTON DR NW,51.179985864714,-114.112225916232
397243,61 SHERWOOD RD NW,51.1622469552575,-114.147107456919
397274,11950 SHAGANAPPI TR NW,51.1618451870198,-114.148268517524
397333,115 KINCORA CR NW,51.1643780035738,-114.14434145147
397388,37 KINCORA ST NW,51.1647447033519,-114.144163255317
397494,3117 10 COUNTRY VILLAGE PA NE,51.1603335309538,-114.057835379559
398110,72 EVANSRIDGE PL NW,51.1779629175739,-114.123796355302
398242,128V 1540 SHERWOOD BV NW,51.1619408691258,-114.158394611318
399047,125 WALDEN ME SE,50.8737101191336,-114.040113844455
399270,301 SADDLELAKE DR NE,51.1287764493431,-113.934673066412
399325,244 21 AV NE,51.0717936812431,-114.057487707521
399380,348 SKYVIEW SHORES MR NE,51.1560964582788,-113.969079646945
400113,2128 27 AV SW,51.0297654913661,-114.111045327852
400676,2920 4 AV NW,51.0562584751194,-114.128914442956
400943,613 64 AV NE,51.1082562964384,-114.049054335713
401400,349 MAHOGANY BV SE,50.9032366409923,-113.920749404879
402562,247 AUBURN SHORES LD SE,50.88968757887,-113.956144621076
403140,5186 80 AV SE,50.9805580401713,-113.961685486341
403599,39 AUBURN CREST MR SE,50.8894517545181,-113.945094793996
404499,616 EVANSBOROUGH WY NW,51.1808758647659,-114.120804503888
405006,206 7210 80 AV NE,51.1255597061522,-113.930830561666
405154,1006 AUBURN BAY SQ SE,50.8840585711894,-113.955078681122
405533,26 AUBURN SPRINGS PA SE,50.890798733095,-113.949938808055
405606,15 CORTINA VI SW,51.0347565922251,-114.220754066406
405679,409 102 CRANBERRY PA SE,50.8820030231989,-113.978198234138
406834,103 355 TARALAKE WY NE,51.1183558932042,-113.924461380313
407755,33 NOLANSHIRE GR NW,51.1726153273769,-114.165060396686
407963,156 ASPEN SUMMIT DR SW,51.0430153237767,-114.204632468233
408084,32 WALDEN BA SE,50.8714039347251,-114.035040097384
408772,317 7110 80 AV NE,51.1259082851877,-113.934120836606
408966,3823 PARKHILL ST SW,51.0209492244038,-114.064723453598
409011,134 721 4 ST NE,51.0574161110868,-114.053700998173
409153,156V 707 4 ST NE,51.0574161110868,-114.053700998173
409368,51 LEGACY CR SE,50.8620279987704,-114.016174969708
409477,127 LEGACY CI SE,50.8567059037016,-114.017330920696
410669,4106 155 SKYVIEW RANCH WY NE,51.1649214594508,-113.964470164287
410755,591V 155 SKYVIEW RANCH WY NE,51.1649214594508,-113.964470164287
411632,91 PANTON VW NW,51.1722081324758,-114.085265180592
413340,121 AUBURN SOUND CL SE,50.8948206527627,-113.962635406654
413931,1902 225 11 AV SE,51.0419852345911,-114.059379865477
416153,204V 1500 7 ST SW,51.0387503114144,-114.078928274027
416321,372S 1500 7 ST SW,51.0387503114144,-114.078928274027
418235,1610 3830 BRENTWOOD RD NW,51.086728808266,-114.129540364346
418511,1909 3820 BRENTWOOD RD NW,51.0864470184549,-114.129035543845
418537,18V 3830 BRENTWOOD RD NW,51.0868860008129,-114.128835015606
418860,341V 3830 BRENTWOOD RD NW,51.0868860008129,-114.128835015606
419034,147V 235 9A ST NW,51.0537191375587,-114.084884240084
419693,727 26 AV NW,51.0757946824144,-114.07903493285
420051,70 LEGACY CL SE,50.8586329976463,-114.022586338216
420145,110 REDSTONE VW NE,51.1664956254372,-113.964340917732
420460,4 MASTERS LD SE,50.8981524698135,-113.923569907003
420462,12 MASTERS LD SE,50.8981465047829,-113.923942259428
420547,53 MASTERS LD SE,50.8974008853007,-113.924215303734
421307,38 MASTERS ME SE,50.8976487592265,-113.922154191502
422323,204 2300 EVANSTON SQ NW,51.173039879829,-114.11667219931
423319,52 EVANSGLEN DR NW,51.1759869758886,-114.098672598498
425544,157V 5 SADDLESTONE WY NE,51.1255880077896,-113.928893310006
426316,209 15 SADDLESTONE WY NE,51.12541887346,-113.928209453151
426585,176 WALDEN PR SE,50.8672421826968,-114.035783311132
428666,24 WALDEN PL SE,50.8701096102861,-114.033660240647
428923,11 NOLANLAKE PT NW,51.1811655066678,-114.169281068555
429033,920 NOLAN HILL BV NW,51.1818152733572,-114.169870397299
429911,524 63 INGLEWOOD PA SE,51.0383758044038,-114.015639457971
429984,593V 63 INGLEWOOD PA SE,51.0383758044038,-114.015639457971
430119,1117 MACLEOD TR SE,51.0415950702555,-114.058967591234
430142,70 SKYVIEW RANCH CR NE,51.1600239897285,-113.959082219266
431312,152 ROCK LAKE VW NW,51.1482996139995,-114.237857742337
431581,653V 755 COPPERPOND BV SE,50.9203301739554,-113.919065032449
431603,675V 755 COPPERPOND BV SE,50.9203301739554,-113.919065032449
431646,5542 STRATHCONA HL SW,51.0510648509307,-114.166082521119
431822,78V 2715 12 AV SE,51.0417595682655,-113.997252825992
432127,20 SADDLELAKE TC NE,51.13157256138,-113.92570398434
434846,475V 240 SKYVIEW RANCH RD NE,51.1642207436443,-113.956504694415
435022,31 LEGACY REACH MR SE,50.8616614652048,-114.008213682945
436273,35V 11 BURMA STAR RD SW,51.0163236881104,-114.132360381315
436423,206 11 BURMA STAR RD SW,51.0163236881104,-114.132360381315
438039,304 8 SAGE HILL TC NW,51.1702156428619,-114.135083354044
438695,507V 1317 27 ST SE,51.0407416272148,-113.997304050239
438833,59 CITYSCAPE GA NE,51.1531368409332,-113.958736414077
440006,2203 402 KINCORA GLEN RD NW,51.1655414687046,-114.145791196043
440293,81 LEGACY MT SE,50.8545335901809,-114.020891824633
441272,1312 99 COPPERSTONE PA SE,50.9146740573725,-113.918668568435
441507,125V 26 BRENTWOOD CM NW,51.0872775303895,-114.128355855703
442675,496V 45 ASPENMONT HT SW,51.0398373926449,-114.214190522264
443158,221V 303 13 AV SW,51.0402948087175,-114.068795563885
443693,215 SAVANNA PR NE,51.1335383145295,-113.953412930578
443730,25 SAVANNA CM NE,51.1334492339593,-113.956129376219
443762,731 WALDEN DR SE,50.8684191795662,-114.034706364756
444108,110 1720 10 ST SW,51.0368434946232,-114.086659653528
444361,105 NEW BRIGHTON WK SE,50.9208861952967,-113.935466558256
445545,90 CITYSCAPE TC NE,51.1517525353888,-113.963789208679
446666,208V 81 LEGACY BV SE,50.8628045318253,-114.022525046907
447399,552 REDSTONE DR NE,51.1686536880394,-113.951981036572
447491,91 REDSTONE BV NE,51.167094883912,-113.951490340773
447824,2556 9 AV SE,51.0449098247117,-113.998533553454
449315,29V 2717 17 ST SW,51.0297731585544,-114.102478923285
449416,151 SAVANNA GV NE,51.1333013798785,-113.959465446717
449470,60 SAVANNA GV NE,51.1336196924434,-113.960651178486
450063,235 REDSTONE HT NE,51.1714952055989,-113.967315678427
450472,100 MASTERS LI SE,50.8977416204184,-113.90891655451
450556,143 MASTERS SQ SE,50.8944902468913,-113.912562612171
450602,135 MASTERS HT SE,50.8990210877467,-113.907001243353
451775,156V 130 AUBURN MEADOWS VW SE,50.8948382790974,-113.946493537998
451934,383V 16 SAGE HILL TC NW,51.1711486726623,-114.13682951104
452463,20 CITYSIDE PA NE,51.146760256871,-113.961074194456
452870,163 RED SKY GR NE,51.1717901000365,-113.956843895898
452966,101 2815 17 ST SW,51.0292505363026,-114.102424927723
453184,402 8531 8A AV SW,51.0610888724872,-114.208762744556
453556,49 CORNERSTONE HE NE,51.1624467744036,-113.944760207036
454341,514 301 10 ST NW,51.054235421605,-114.086320342285
455020,7044 34 AV NW,51.0840270831705,-114.189132159205
455725,38 LEGACY GLEN CM SE,50.8585907716433,-114.004586307893
455960,60 SKYVIEW RANCH RD NE,51.1644189937313,-113.960474393345
456708,307 1501 6 ST SW,51.0387024809108,-114.077244471984
456830,136S 1501 6 ST SW,51.0387024809108,-114.077244471984
457671,358 CARRINGVUE MR NW,51.1816437775583,-114.08037502514
458123,195 LIVINGSTON AV NE,51.1864217808289,-114.066728712574
459687,70S 3320 3 AV NW,51.0571876857723,-114.13457741483
459934,505 450 8 AV SE,51.0456067296634,-114.0535422217
460356,261V 930 6 AV SW,51.0482620619055,-114.082425814654
460366,271V 930 6 AV SW,51.0482620619055,-114.082425814654
460381,1105 930 6 AV SW,51.0482620619055,-114.082425814654
460562,3006 930 6 AV SW,51.0482620619055,-114.082425814654
462142,442S 1010 6 ST SW,51.0434174438924,-114.076081161728
462693,4215 181 SKYVIEW RANCH MR NE,51.1645857920926,-113.94928123285
463636,105 SILVERADO SKIES CM SW,50.887137402406,-114.080551362981
463919,471V 215 LEGACY BV SE,50.8600587246507,-114.022470505058
464101,1209 1234 5 AV NW,51.0573479065705,-114.091000086659
466105,14902 1 ST NE,51.1893091718541,-114.068755821379
466457,48 WALCREST GA SE,50.8641313158978,-114.009067428947
466732,2441 30 AV SW,51.0264763865024,-114.116723672521
466857,231 LEGACY MT SE,50.8531066485915,-114.015244037105
467526,89 WALGROVE RI SE,50.8641927228572,-114.015344639818
467815,68 CORNER MEADOWS PA NE,51.1517280187061,-113.934736169339
467857,144 CORNER MEADOWS PA NE,51.1517431670288,-113.931916573784
467873,814 CORNERSTONE WY NE,51.1509444338643,-113.932858800369
467958,35 CRANBROOK GR SE,50.8634616694336,-113.976841875996
468405,14 SAVANNA WY NE,51.1356407030565,-113.967650958615
469256,304 605 17 AV NW,51.0676105155179,-114.074381036774
470150,206 20 MAHOGANY ME SE,50.8974851586891,-113.938775354374
470456,4217 215 LEGACY BV SE,50.8600587246507,-114.022470505058
470489,4305 215 LEGACY BV SE,50.8600587246507,-114.022470505058
470987,601 108 2 ST SW,51.0536627238444,-114.066774815041
471067,402 3450 19 ST SW,51.0237364801569,-114.106802166105
472935,271 HOWSE DR NE,51.1896410237763,-114.061147496269
473950,240 CORNERBROOK CM NE,51.1558894596106,-113.93262588956
474245,91 EVANSFIELD CL NW,51.1822131707172,-114.117446440046
474308,2422 22 AV SW,51.0340135676442,-114.117416429164
474333,309 310 12 AV SW,51.041889608467,-114.068790061952
474503,2208 310 12 AV SW,51.041889608467,-114.068790061952
475515,108 118 WATERFRONT CO SW,51.0528950288445,-114.065545202674
476875,249 RED SKY WY NE,51.1719470500575,-113.948990807882
477599,3536 36 AV SW,51.0217200361893,-114.137463274669
480360,370V 88 9 ST NE,51.051998659818,-114.039587331872
480444,204 1734 11 AV SW,51.04371429153,-114.101206952001
481204,421 615 6 AV SE,51.0466137584685,-114.050000842289
482017,31 ROCKCLIFF TC NW,51.1530864592774,-114.241655902029
484173,187 LIVINGSTON CM NE,51.1837440334666,-114.065966183174
484802,213 19621 40 ST SE,50.8760853466563,-113.951500324975
485277,22 ASPEN SUMMIT CL SW,51.0438378181283,-114.208515668242
486234,3105 930 16 AV SW,51.0384691044039,-114.083558674319
489578,349 HARVEST HILLS CO NE,51.148890086991,-114.046430715709
490113,444 BELMONT AV SW,50.8656553981541,-114.067159358064
490444,34V 8505 BROADCAST AV SW,51.0644077447609,-114.210009103484
490839,1235 3730 108 AV NE,51.15157928182,-113.98052854714
491143,555 CORNERSTONE AV NE,51.160966468885,-113.933809841948
491444,65 CREEKSIDE AV SW,50.8615805357651,-114.075382561491
491706,21 YORKSTONE HE SW,50.8759965806788,-114.078746853373
491981,218V 4641 128 AV NE,51.1649306900664,-113.95722617353
492243,20604 MAIN ST SE,50.868416332481,-113.946619680908
493814,901V 4641 128 AV NE,51.1650037093951,-113.955828929145
494205,443 301 REDSTONE BV NE,51.1693879632545,-113.952903399231
495737,3 3355 SPRUCE DR SW,51.0454645390978,-114.135797416105
495764,45 CORNER RIDGE ME NE,51.1487953709512,-113.936984205705
497951,96 TIMBERLINE WY SW,51.0270479592771,-114.210008482842
498246,129V 3125 39 ST NW,51.0796157322572,-114.145638067667
498473,114V 4081 NORFORD AV NW,51.0798829117308,-114.146844553802
498925,417 CORNER MEADOWS WY NE,51.1471533450041,-113.926678670442
499019,289V 19661 40 ST SE,50.8760853466563,-113.951500324975
499072,205 19661 40 ST SE,50.8760853466563,-113.951500324975
499440,595 SAVANNA LD NE,51.1371260131551,-113.963090121081
499880,1538 10 AV SW,51.0445047829739,-114.09617286597
500622,244V 450 KINCORA GLEN RD NW,51.1659040947443,-114.147098576212
501627,110 80 SAGE HILL RD NW,51.1741442987151,-114.144469512066
501884,15 CITYSPRING BA NE,51.1488092407205,-113.954152589737
502348,123 CRESTBROOK WY SW,51.0845170365044,-114.272517857889
502423,144 ARBOUR LAKE HL NW,51.1299841761456,-114.211517533878
503192,139 BELVEDERE AV SE,51.040861416135,-113.90512643016
503230,1440 41 ST SW,51.0400880340127,-114.146495498156
503343,272 ROWMONT BV NW,51.1070784978559,-114.273652146325
503628,514 16 EVANSCREST PA NW,51.1813602674999,-114.106422715856
503694,14 COPPERHEAD BA SE,50.9131961863233,-113.924254316752
504581,500 10060 46 ST NE,51.1353836057372,-113.964275676701
505432,2 4416 17 AV NW,51.0690884176621,-114.157120669721
505862,220 WALCREST BV SE,50.866009987318,-114.009119102579
505917,578 SAGE HILL RD NW,51.1756803552394,-114.149213247801
506236,1140 15 AV NE,51.0658649657862,-114.035945907554
506274,4629 BOWNESS RD NW,51.0720449082689,-114.160284780103
506281,22 ROYAL ELM GR NW,51.1437227096972,-114.231067769293
507010,67 WOLF CREEK ST SE,50.8771832886011,-114.006770695911
507655,119V 4275 NORFORD AV NW,51.0786420186463,-114.149942384224
508764,13513 SYMONS VALLEY RD NW,51.1757209223229,-114.135599132087
509745,8 COVINGTON ME NE,51.1588381929807,-114.040487960183
509772,60 COVERDALE PL NE,51.1582430035161,-114.045896767296
509840,307 COVINGTON BA NE,51.1585245959317,-114.04262607474
510575,171 COVEWOOD PA NE,51.1680933325891,-114.045079716126
510586,215 COVEWOOD PA NE,51.1678102833381,-114.046547614653
511650,12243 COVENTRY HILLS WY NE,51.1638370097085,-114.05414389059
512664,123 ROCKY RIDGE BA NW,51.1409558045844,-114.237657757121
512693,17 ROCKY RIDGE SQ NW,51.1441869112119,-114.236420927607
512868,125 ROCKY RIDGE LD NW,51.1457127049805,-114.23771665306
513144,255 ROCKY RIDGE CL NW,51.1448079548415,-114.246502064162
513267,28 ROCKY RIDGE HE NW,51.1461704692729,-114.244194903194
513688,3 250 ROCKY RIDGE DR NW,51.1418695802497,-114.244399084171
513888,38 ROYAL RIDGE RI NW,51.1405410130684,-114.221146458248
514048,107 ROYAL HIGHLAND RD NW,51.1462058525641,-114.228611999728
515486,1303 303 ARBOUR CREST DR NW,51.1408573801502,-114.203282204062
516088,51 CITADEL PA NW,51.1420295404953,-114.173316082614
517311,289 CITADEL DR NW,51.1463844060444,-114.18213842642
518010,212 HAMPSHIRE CO NW,51.1395965131705,-114.158132623959
519001,75 HAMPTONS BA NW,51.1492427236146,-114.146004459515
519048,165 HAMPTONS CI NW,51.1449201858985,-114.153831508587
519312,113 HAMPTONS CL NW,51.148532709648,-114.152576428747
519648,507 MACEWAN DR NW,51.1389916731807,-114.117084456857
521220,240 EDGERIDGE GD NW,51.1406067353558,-114.128629733858
522213,407 MACEWAN VALLEY RD NW,51.1422850200493,-114.109006499013
523053,351 HIDDEN CV NW,51.1449345468425,-114.112552727329
523537,53 HIDDEN VALLEY CR NW,51.1457700840478,-114.100764251947
524591,95 SANDERLING RD NW,51.1417599268429,-114.093569040903
524845,10 PANORAMA HILLS GV NW,51.1483449393278,-114.080384967829
525496,90 COUNTRY HILLS HT NW,51.1472962561118,-114.074362255061
526304,79 COUNTRY HILLS GD NW,51.1459473001181,-114.081085670217
526923,50 HARVEST OAK CR NE,51.153700955404,-114.063259913766
527241,44 HARVEST GOLD HT NE,51.1462867725369,-114.062417924734
527660,372 HARVEST ROSE CI NE,51.1426816537821,-114.056304403785
527691,107 HARVEST LAKE GR NE,51.148606547115,-114.050169420858
527918,10 COUNTRY HILLS DR NW,51.1513726121789,-114.06829876455
528862,282 PANORAMA HILLS LN NW,51.1530882198343,-114.067995878502
529807,1534 HARVEST HILLS DR NE,51.1512914495445,-114.046693298827
531189,549 TUSCANY SPRINGS BV NW,51.1336224414996,-114.246699656076
531518,270V TUSCARORA MR NW,51.1310778838427,-114.236266934309
532156,141 TUSCANY HILLS PT NW,51.1237983348977,-114.240182499449
532886,45 TUSCANY RAVINE RD NW,51.1175478070307,-114.241309628401
532984,83 TUSCANY MEADOWS HT NW,51.118652946264,-114.23778125811
535384,29 VALLEY CREEK RD NW,51.0918042251895,-114.259390625731
535711,12415 CRESTMONT BV SW,51.0858277234736,-114.263906374303
535779,12105 VALLEY RIDGE DR NW,51.0923835505605,-114.268761347747
536667,39 VALLEY GLEN HT NW,51.0938723898202,-114.238124253595
537087,3346 CATALINA BV NE,51.0827313443488,-113.932144708831
538261,7274 LAGUNA WY NE,51.0880768284749,-113.927629196289
538571,39 CATALINA CI NE,51.0904874350389,-113.933805737877
538724,41 LA VALENCIA GR NE,51.079182471059,-113.933275078188
538762,28 LA VALENCIA GD NE,51.0799957643816,-113.933666649124
538897,258 CATALINA PL NE,51.0751200504083,-113.930400913565
540478,1131 ABBEYDALE DR NE,51.0555736170479,-113.930249413478
541427,39 ABERDARE WY NE,51.0574258787886,-113.924500757822
542389,160 APPLEWOOD WY SE,51.0454006461404,-113.930194914859
542770,147 APPLEMONT CL SE,51.0439757293293,-113.927468805468
543239,306 APPLEWOOD DR SE,51.0456475225861,-113.926215550889
543716,39 MT APEX GR SE,50.924068446236,-113.979394792212
543734,111 MT APEX GR SE,50.9231289432411,-113.977253557423
544225,261 DOUGLAS RIDGE CI SE,50.934690828914,-113.976527762782
544526,273 MT ABERDEEN CL SE,50.9299584987788,-113.977276132093
544961,160 PRESTWICK ACRES LN SE,50.9242374104428,-113.959409729213
545090,26 INVERNESS LN SE,50.9130409183685,-113.967245277489
545377,177 INVERNESS PA SE,50.9112483870127,-113.968924782666
545443,15234 PRESTWICK BV SE,50.9182448401879,-113.964784728168
547207,7 MCKENNA RD SE,50.900574539878,-113.987759768947
547787,72 MT KIDD PT SE,50.9013460370365,-113.998400276394
548441,19 SUNCASTLE BA SE,50.9030240928674,-114.041080933492
548485,20 SUNHAVEN WY SE,50.905508120674,-114.037655458104
548604,36 SUN CANYON WY SE,50.9053161338385,-114.032971640767
550636,55 SUNMILLS CO SE,50.9031365856882,-114.049009011161
550763,160 SUNVALE CR SE,50.9011144363106,-114.051860489138
551081,89 SUNDOWN CL SE,50.8991577406733,-114.055343412622
551169,19 SUNMEADOWS RD SE,50.8953612521184,-114.049526025573
552285,228 SHAWINIGAN PL SW,50.9057472138232,-114.082084281695
552723,132 SOMERCREST MR SW,50.9004091950284,-114.077493948032
552965,20 SOMERSET CO SW,50.8983620713728,-114.082426857265
553015,133 SOMERSET PA SW,50.8996921688233,-114.084304561066
554193,124 SOMERGLEN CM SW,50.8944711048406,-114.081655606982
554886,106 11 SOMERVALE VW SW,50.8968762530243,-114.071250160515
557031,136 BRIDLEWOOD VW SW,50.8951651149703,-114.100297630771
557770,18551 CHAPARRAL MR SE,50.8856082984527,-114.040877327436
558346,17 CHAPARRAL BA SE,50.888402343849,-114.04389349821
